<?xml version="1.0" encoding="UTF-8"?>
<!--
To change this license header, choose License Headers in Project Properties.
To change this template file, choose Tools | Templates
and open the template in the editor.
-->

<!DOCTYPE horario SYSTEM '10.dtd'>

<horario curso="2020-2021">
    <modulos>
        <modulo codM="EDD">Entornos de Desarrollo</modulo>
        <modulo codM="LMSGI">Lenguaje de Marcas</modulo>
        <modulo codM="PROG">Programacion</modulo>
        <modulo codM="BBDD">Bases De Datos</modulo>
        <modulo codM="FOL">Formacion y Orientacion Laboral</modulo>
        <modulo codM="SINF">Sistemas Informaticos</modulo>
        <modulo codM="XXX">XXX</modulo>
    </modulos>
    <profesores>
        <profesor codP="MUP">Marcos Unzueta Puente</profesor>
        <profesor codP="ARN">Amor Rodriguez Navarro</profesor> 
        <profesor codP="ACF">Ambrosio Casado Fernandez</profesor> 
        <profesor codP="MELI">Meli Ramos Osorio</profesor> 
        <profesor codP="MAM">Maria del Cielo Alejo Mulas</profesor> 
        <profesor codP="NCB">Natividad Crespo Belver</profesor> 
    </profesores>
    <imparte>
        <asignatura codM="EDD" codProfesor="MUP"/>
        <asignatura codM="LMSGI" codProfesor="ARN MELI"/>
        <asignatura codM="PROG" codProfesor="ACF"/>
        <asignatura codM="BBDD" codProfesor="MELI"/>
        <asignatura codM="FOL" codProfesor="MAM"/>
        <asignatura codM="SINF" codProfesor="NCB"/>
    </imparte>
    <grupo idgrupo="DAW1" codT="MUP">
        <hora entrada="08:30" salida="09:20">
            <dia_sem dia="lunes" num="1">
              EDD  
            </dia_sem>
            <dia_sem dia="martes" num="2">
               BBDD 
            </dia_sem>
            <dia_sem dia="miercoles" num="2">
                PROG
            </dia_sem>
            <dia_sem dia="jueves" num="2">
                LMSGI
            </dia_sem>
            <dia_sem dia="viernes" num="1">
                EDD
            </dia_sem>
        </hora>
        <hora entrada="09:20" salida="10:10">
            <dia_sem dia="lunes" num="2">
                SIF
            </dia_sem>
            <dia_sem dia="viernes" num="2">
                SIF
            </dia_sem>
        </hora>
        <hora entrada="10:10" salida="11:00">
            <dia_sem dia="martes" num="2">
                PROG
            </dia_sem>
            <dia_sem dia="miercoles" num="1">
                FOL
            </dia_sem>
            <dia_sem dia="jueves" num="2">
               PROG 
            </dia_sem>
           
        </hora>
        <hora entrada="11:00" salida="11:50">
            <dia_sem dia="lunes" num="2">
                PROG
            </dia_sem>
            <dia_sem dia="miercoles" num="2">
                BBDD
            </dia_sem>
            <dia_sem dia="viernes" num="1">
                FOL
            </dia_sem>
        </hora>
        <hora entrada="12:15" salida="13:05">
            
            <dia_sem dia="martes" num="2">
                LMSGI
            </dia_sem>
           
            <dia_sem dia="jueves" num="2">
                SIF
            </dia_sem>
            <dia_sem dia="viernes" num="2">
                BBDD
            </dia_sem>
        </hora>
        <hora entrada="13:05" salida="13:55">
            <dia_sem dia="lunes" num="1">
                FOL
            </dia_sem>
            <dia_sem dia="miercoles" num="1">
                EDD
            </dia_sem>
           
        </hora>
    </grupo>
    
</horario>
